,HomeID,AwayID,Win
0,1103,1107,0.0671509891963
1,1103,1112,0.772995297477
2,1103,1125,0.560169578538
3,1103,1129,0.580093612236
4,1103,1137,0.498145954764
5,1103,1139,0.629399356343
6,1103,1143,0.530515458615
7,1103,1153,0.648983519314
8,1103,1160,0.626049011935
9,1103,1161,0.696915653671
10,1103,1166,0.773351872735
11,1103,1172,0.419970710588
12,1103,1181,0.830371413942
13,1103,1195,0.128967067822
14,1103,1196,0.83080869976
15,1103,1207,0.780003614041
16,1103,1211,0.826310838794
17,1103,1217,0.195467677417
18,1103,1228,0.496722097053
19,1103,1231,0.83011283508
20,1103,1233,0.271091085709
21,1103,1235,0.631812267665
22,1103,1241,0.036490120241
23,1103,1242,0.82290686984
24,1103,1243,0.705310158257
25,1103,1247,0.51846018573
26,1103,1251,0.00571212297417
27,1103,1254,0.0339477734973
28,1103,1257,0.840299555181
29,1103,1266,0.758530338446
30,1103,1272,0.754783371965
31,1103,1274,0.796560938614
32,1103,1276,0.805291327003
33,1103,1277,0.801085967506
34,1103,1278,0.666419381512
35,1103,1279,0.643973418854
36,1103,1281,0.718093341404
37,1103,1285,0.136854216081
38,1103,1292,0.584318159207
39,1103,1299,0.0108194131088
40,1103,1301,0.727577510749
41,1103,1307,0.804764733677
42,1103,1308,0.395740849271
43,1103,1314,0.675665576114
44,1103,1322,0.146357434233
45,1103,1323,0.658477069625
46,1103,1326,0.816033560268
47,1103,1328,0.578498140954
48,1103,1329,0.763838384959
49,1103,1332,0.649652098138
50,1103,1334,0.18820791492
51,1103,1338,0.760547703927
52,1103,1355,0.215264119482
53,1103,1361,0.707094028602
54,1103,1380,0.0473497789161
55,1103,1387,0.75872123109
56,1103,1388,0.631801735613
57,1103,1393,0.793429840018
58,1103,1396,0.528558974926
59,1103,1417,0.70122680542
60,1103,1424,0.721209837609
61,1103,1433,0.745390437788
62,1103,1434,0.469032807225
63,1103,1437,0.50422021924
64,1103,1443,0.0572823416577
65,1103,1455,0.712817280008
66,1103,1458,0.72633828281
67,1107,1112,0.993288357679
68,1107,1125,0.98225462088
69,1107,1129,0.983617651197
70,1107,1137,0.97734499455
71,1107,1139,0.986633090473
72,1107,1143,0.980044414787
73,1107,1153,0.987708130945
74,1107,1160,0.986442685706
75,1107,1161,0.990092716075
76,1107,1166,0.993301898634
77,1107,1172,0.969200751474
78,1107,1181,0.995321726659
79,1107,1195,0.865501073812
80,1107,1196,0.99533617509
81,1107,1207,0.993552295591
82,1107,1211,0.995186850471
83,1107,1217,0.913489729536
84,1107,1228,0.977218540848
85,1107,1231,0.995313175948
86,1107,1233,0.941738229
87,1107,1235,0.986769013691
88,1107,1241,0.622067713115
89,1107,1242,0.995072787051
90,1107,1243,0.990478062111
91,1107,1247,0.979076757555
92,1107,1251,0.199797427044
93,1107,1254,0.604315796214
94,1107,1257,0.995646159931
95,1107,1266,0.992728640349
96,1107,1272,0.992580260075
97,1107,1274,0.994157937771
98,1107,1276,0.994467539224
99,1107,1277,0.994319224971
100,1107,1278,0.988613890521
101,1107,1279,0.987439114248
102,1107,1281,0.991048112214
103,1107,1285,0.873272411941
104,1107,1292,0.983895176943
105,1107,1299,0.32220437013
106,1107,1301,0.991458508927
107,1107,1307,0.994449049859
108,1107,1308,0.966059994443
109,1107,1314,0.989075883521
110,1107,1322,0.881677703554
111,1107,1323,0.988207045718
112,1107,1326,0.994839650381
113,1107,1328,0.983511825705
114,1107,1329,0.99293642226
115,1107,1332,0.987743727377
116,1107,1334,0.909716486597
117,1107,1338,0.99280794094
118,1107,1355,0.922613184355
119,1107,1361,0.990558809141
120,1107,1380,0.68356187322
121,1107,1387,0.992736161666
122,1107,1388,0.986768422578
123,1107,1393,0.994045289062
124,1107,1396,0.97989024354
125,1107,1417,0.990291732563
126,1107,1424,0.99118412151
127,1107,1433,0.992201942688
128,1107,1434,0.974614097233
129,1107,1437,0.977876789637
130,1107,1443,0.725338831301
131,1107,1455,0.990815231464
132,1107,1458,0.991405474936
133,1112,1125,0.262207238774
134,1112,1129,0.278237632095
135,1112,1137,0.21690503862
136,1112,1139,0.321532665265
137,1112,1143,0.23972926428
138,1112,1153,0.340334493826
139,1112,1160,0.318413094707
140,1112,1161,0.390853770295
141,1112,1166,0.487741789214
142,1112,1172,0.168083424698
143,1112,1181,0.577344989942
144,1112,1195,0.0396768934807
145,1112,1196,0.578103142609
146,1112,1207,0.497327357808
147,1112,1211,0.570361360641
148,1112,1217,0.0634919961759
149,1112,1228,0.215939162289
150,1112,1231,0.576897234032
151,1112,1233,0.0940232110203
152,1112,1235,0.323796518434
153,1112,1241,0.0104575412858
154,1112,1242,0.564584466066
155,1112,1243,0.400432373144
156,1112,1247,0.231030106848
157,1112,1251,0.00160053720995
158,1112,1254,0.00971066172703
159,1112,1257,0.594856890781
160,1112,1266,0.467112762694
161,1112,1272,0.462050788286
162,1112,1274,0.522125297251
163,1112,1276,0.535769179646
164,1112,1277,0.529146276247
165,1112,1278,0.357933767651
166,1112,1279,0.335430195103
167,1112,1281,0.415480475672
168,1112,1285,0.0423690039766
169,1112,1292,0.281738850896
170,1112,1299,0.00304285069528
171,1112,1301,0.427022021863
172,1112,1307,0.534934623047
173,1112,1308,0.154514680701
174,1112,1314,0.367616667752
175,1112,1322,0.0456581916934
176,1112,1323,0.349812558438
177,1112,1326,0.5531296782
178,1112,1328,0.276924855832
179,1112,1329,0.474387872697
180,1112,1332,0.340993993779
181,1112,1334,0.0607636685993
182,1112,1338,0.469863203525
183,1112,1355,0.0711035785458
184,1112,1361,0.402498339377
185,1112,1380,0.013679759451
186,1112,1387,0.467372265847
187,1112,1388,0.32378660557
188,1112,1393,0.517329780737
189,1112,1396,0.23830084619
190,1112,1417,0.395743748434
191,1112,1424,0.419236756039
192,1112,1433,0.449621231804
193,1112,1434,0.197751753097
194,1112,1437,0.221060522804
195,1112,1443,0.0166729761177
196,1112,1455,0.409200450096
197,1112,1458,0.425495152602
198,1125,1129,0.562925139373
199,1125,1137,0.480626768684
200,1125,1139,0.612901578538
201,1125,1143,0.513021604811
202,1125,1153,0.632848995813
203,1125,1160,0.609494624848
204,1125,1161,0.681904448151
205,1125,1166,0.760827190929
206,1125,1172,0.402993118468
207,1125,1181,0.820265352124
208,1125,1195,0.121293445023
209,1125,1196,0.820723065663
210,1125,1207,0.767736114294
211,1125,1211,0.81601645922
212,1125,1217,0.184676151608
213,1125,1228,0.479205170894
214,1125,1231,0.819994707314
215,1125,1233,0.257460562807
216,1125,1235,0.615356260104
217,1125,1241,0.0341034982227
218,1125,1242,0.812456530591
219,1125,1243,0.690530094177
220,1125,1247,0.500939698008
221,1125,1251,0.00532739349767
222,1125,1254,0.0317219581403
223,1125,1257,0.830664365978
224,1125,1266,0.745456195088
225,1125,1272,0.741575470714
226,1125,1274,0.784962177188
227,1125,1276,0.794061629734
228,1125,1277,0.789677074877
229,1125,1278,0.650654887107
230,1125,1279,0.627740700534
231,1125,1281,0.703685059234
232,1125,1285,0.128780686682
233,1125,1292,0.56719354205
234,1125,1299,0.0100941838204
235,1125,1301,0.71346054187
236,1125,1307,0.793512452992
237,1125,1308,0.379102566478
238,1125,1314,0.66011518523
239,1125,1322,0.137812787342
240,1125,1323,0.642538563731
241,1125,1326,0.805273601505
242,1125,1328,0.561313766442
243,1125,1329,0.750957281049
244,1125,1332,0.633530952547
245,1125,1334,0.177728650544
246,1125,1338,0.747546435592
247,1125,1355,0.203656318838
248,1125,1361,0.692364409985
249,1125,1380,0.0442855311942
250,1125,1387,0.745653957724
251,1125,1388,0.615345543909
252,1125,1393,0.781701486058
253,1125,1396,0.511059408003
254,1125,1417,0.686333020911
255,1125,1424,0.706895824771
256,1125,1433,0.731856346716
257,1125,1434,0.451616115697
258,1125,1437,0.486694580223
259,1125,1443,0.0536114803016
260,1125,1455,0.698252650604
261,1125,1458,0.71218250013
262,1129,1137,0.44015004119
263,1129,1139,0.57358766421
264,1129,1143,0.472297596832
265,1129,1153,0.594219695094
266,1129,1160,0.570077410216
267,1129,1161,0.645545640494
268,1129,1166,0.729916407363
269,1129,1172,0.364466408118
270,1129,1181,0.794966223342
271,1129,1195,0.104962766846
272,1129,1196,0.795472299395
273,1129,1207,0.737410065282
274,1129,1211,0.790272179243
275,1129,1217,0.161379027013
276,1129,1228,0.438747028753
277,1129,1231,0.794667019305
278,1129,1233,0.227544103381
279,1129,1235,0.5761192303
280,1129,1241,0.0291228139468
281,1129,1242,0.786344544375
282,1129,1243,0.654657901726
283,1129,1247,0.460268293716
284,1129,1251,0.00452963966943
285,1129,1254,0.0270793374601
286,1129,1257,0.806483657922
287,1129,1266,0.713307425179
288,1129,1272,0.709127814061
289,1129,1274,0.756170965922
290,1129,1276,0.766125746113
291,1129,1277,0.761325192522
292,1129,1278,0.612752640952
293,1129,1279,0.588923054494
294,1129,1281,0.668605925881
295,1129,1285,0.111569937756
296,1129,1292,0.526821362727
297,1129,1299,0.00858878759596
298,1129,1301,0.679010782706
299,1129,1307,0.765524070536
300,1129,1308,0.34155314601
301,1129,1314,0.62264406324
302,1129,1322,0.11956060622
303,1129,1323,0.604291279195
304,1129,1326,0.778434259956
305,1129,1328,0.520856444455
306,1129,1329,0.719241621691
307,1129,1332,0.594927476673
308,1129,1334,0.155141192104
309,1129,1338,0.715560930655
310,1129,1355,0.178488993521
311,1129,1361,0.656599103858
312,1129,1380,0.0378761125002
313,1129,1387,0.713520566338
314,1129,1388,0.576108173979
315,1129,1393,0.752611293619
316,1129,1396,0.470340721601
317,1129,1417,0.650220757081
318,1129,1424,0.672019633536
319,1129,1433,0.698684203594
320,1129,1434,0.411646145826
321,1129,1437,0.44614580443
322,1129,1443,0.0459171705475
323,1129,1455,0.662838543057
324,1129,1458,0.677648509434
325,1137,1139,0.690049359407
326,1137,1143,0.596986125436
327,1137,1153,0.707915854069
328,1137,1160,0.686974620938
329,1137,1161,0.750889589798
330,1137,1166,0.817282652985
331,1137,1172,0.48695684208
332,1137,1181,0.865176963059
333,1137,1195,0.162544877541
334,1137,1196,0.86553905269
335,1137,1207,0.822940285102
336,1137,1211,0.861810908483
337,1137,1217,0.24155795739
338,1137,1228,0.564045577861
339,1137,1231,0.864962812905
340,1137,1233,0.327748772016
341,1137,1235,0.692260463584
342,1137,1241,0.047298095018
343,1137,1242,0.858983939846
344,1137,1243,0.758307622158
345,1137,1247,0.585303473525
346,1137,1251,0.0074747122511
347,1137,1254,0.0440371494674
348,1137,1257,0.873378616825
349,1137,1266,0.804608111427
350,1137,1272,0.801388934969
351,1137,1274,0.836941655814
352,1137,1276,0.844277914828
353,1137,1277,0.840748076624
354,1137,1278,0.723670815495
355,1137,1279,0.703362429609
356,1137,1281,0.769543029149
357,1137,1285,0.172079835292
358,1137,1292,0.648222385027
359,1137,1299,0.0141355534561
360,1137,1301,0.777831802111
361,1137,1307,0.843836314345
362,1137,1308,0.461940158162
363,1137,1314,0.73196835808
364,1137,1322,0.183509086874
365,1137,1323,0.716511762921
366,1137,1326,0.853261164115
367,1137,1328,0.642750062897
368,1137,1329,0.809158102928
369,1137,1332,0.708522598718
370,1137,1334,0.233082312543
371,1137,1338,0.806338802854
372,1137,1355,0.264487740398
373,1137,1361,0.759879898433
374,1137,1380,0.0611700601592
375,1137,1387,0.804771952863
376,1137,1388,0.692250818419
377,1137,1393,0.83430277009
378,1137,1396,0.595095228105
379,1137,1417,0.754703227022
380,1137,1424,0.772271122777
381,1137,1433,0.793292306184
382,1137,1434,0.536604802656
383,1137,1437,0.571406129705
384,1137,1443,0.0737771863782
385,1137,1455,0.764914648018
386,1137,1458,0.776751032721
387,1139,1143,0.451268864583
388,1139,1153,0.573663769567
389,1139,1160,0.54922625116
390,1139,1161,0.625953099439
391,1139,1166,0.712913480837
392,1139,1172,0.345099027181
393,1139,1181,0.780828812125
394,1139,1195,0.0972744949161
395,1139,1196,0.781360185824
396,1139,1207,0.720698379179
397,1139,1211,0.775902345027
398,1139,1217,0.150252107637
399,1139,1228,0.41802875992
400,1139,1231,0.780514673468
401,1139,1233,0.213013944086
402,1139,1235,0.555332533553
403,1139,1241,0.0268231580627
404,1139,1242,0.771783315716
405,1139,1243,0.635284476288
406,1139,1247,0.439329256639
407,1139,1251,0.0041636326704
408,1139,1254,0.0249368982447
409,1139,1257,0.792933539728
410,1139,1266,0.695694809548
411,1139,1272,0.691369526789
412,1139,1274,0.740232654552
413,1139,1276,0.750623549189
414,1139,1277,0.745610451897
415,1139,1278,0.592491710208
416,1139,1279,0.568293747089
417,1139,1281,0.649596157106
418,1139,1285,0.103453645212
419,1139,1292,0.505691371268
420,1139,1299,0.00789739264122
421,1139,1301,0.660294618341
422,1139,1307,0.749995006283
423,1139,1308,0.322784944978
424,1139,1314,0.602564987001
425,1139,1322,0.110935606728
426,1139,1323,0.583888279263
427,1139,1326,0.763496067129
428,1139,1328,0.499713036949
429,1139,1329,0.701841182021
430,1139,1332,0.574381724391
431,1139,1334,0.144370323802
432,1139,1338,0.698028148595
433,1139,1355,0.16641646272
434,1139,1361,0.637274240263
435,1139,1380,0.0349101140855
436,1139,1387,0.695915462748
437,1139,1388,0.555321353533
438,1139,1393,0.73652137404
439,1139,1396,0.449324930198
440,1139,1417,0.630738815328
441,1139,1424,0.653104086862
442,1139,1433,0.680575520314
443,1139,1434,0.39131536081
444,1139,1437,0.425342931377
445,1139,1443,0.0423492100097
446,1139,1455,0.643674254148
447,1139,1458,0.658892816892
448,1143,1153,0.665466834434
449,1143,1160,0.643016896775
450,1143,1161,0.712146480366
451,1143,1166,0.785921486555
452,1143,1172,0.437893648835
453,1143,1181,0.840431272719
454,1143,1195,0.137413112818
455,1143,1196,0.840847595699
456,1143,1207,0.792303404311
457,1143,1211,0.836564113331
458,1143,1217,0.207232690086
459,1143,1228,0.515012194212
460,1143,1231,0.840185077512
461,1143,1233,0.285790915958
462,1143,1235,0.648665402153
463,1143,1241,0.0391520810749
464,1143,1242,0.833320555074
465,1143,1243,0.720288448897
466,1143,1247,0.536697131764
467,1143,1251,0.00614313868616
468,1143,1254,0.036431282285
469,1143,1257,0.849877070957
470,1143,1266,0.771679257069
471,1143,1272,0.768073941281
472,1143,1274,0.808162696049
473,1143,1276,0.816509894011
474,1143,1277,0.812490416483
475,1143,1278,0.682484511621
476,1143,1279,0.66056895238
477,1143,1281,0.732668164527
478,1143,1285,0.145730370745
479,1143,1292,0.601975718116
480,1143,1299,0.0116312978906
481,1143,1301,0.741838276042
482,1143,1307,0.816006709229
483,1143,1308,0.413366669209
484,1143,1314,0.691491554334
485,1143,1322,0.15573874151
486,1143,1323,0.674738010941
487,1143,1326,0.826766335289
488,1143,1328,0.596232090947
489,1143,1329,0.776783318902
490,1143,1332,0.66612016959
491,1143,1334,0.199644400432
492,1143,1338,0.77361955473
493,1143,1355,0.227883161425
494,1143,1361,0.722017385255
495,1143,1380,0.050762216254
496,1143,1387,0.771862881266
497,1143,1388,0.648655084103
498,1143,1393,0.805166483486
499,1143,1396,0.546747817678
500,1143,1417,0.716329168399
501,1143,1424,0.735682842544
502,1143,1433,0.759027565135
503,1143,1434,0.487290516395
504,1143,1437,0.52249977149
505,1143,1443,0.0613644963068
506,1143,1455,0.727561390837
507,1143,1458,0.740640794614
508,1153,1160,0.492069770057
509,1153,1161,0.570924908837
510,1153,1166,0.663807421479
511,1153,1172,0.295270713451
512,1153,1181,0.739088100153
513,1153,1195,0.0789172385069
514,1153,1196,0.739686935118
515,1153,1207,0.672311857016
516,1153,1211,0.733543568571
517,1153,1217,0.123262261497
518,1153,1228,0.363515228852
519,1153,1231,0.7387341526
520,1153,1233,0.1770998159
521,1153,1235,0.498242970701
522,1153,1241,0.0214453521026
523,1153,1242,0.728917979433
524,1153,1243,0.580709522358
525,1153,1247,0.383870200355
526,1153,1251,0.00331339339003
527,1153,1254,0.019929526043
528,1153,1257,0.752768221034
529,1153,1266,0.645109654796
530,1153,1272,0.640436980645
531,1153,1274,0.693792431655
532,1153,1276,0.705301412674
533,1153,1277,0.69974167246
534,1153,1278,0.536188386577
535,1153,1279,0.51140416057
536,1153,1281,0.59580019458
537,1153,1285,0.0840388421112
538,1153,1292,0.44855716818
539,1153,1299,0.00628951224783
540,1153,1301,0.607147826601
541,1153,1307,0.704603591691
542,1153,1308,0.274826471834
543,1153,1314,0.546588364767
544,1153,1322,0.0902580451975
545,1153,1323,0.527344533099
546,1153,1326,0.719639604017
547,1153,1328,0.442649423402
548,1153,1329,0.6517663208
549,1153,1332,0.517613413617
550,1153,1334,0.118289947209
551,1153,1338,0.647634412196
552,1153,1355,0.136991109025
553,1153,1361,0.582801497932
554,1153,1380,0.0279575236525
555,1153,1387,0.64534828902
556,1153,1388,0.498231652233
557,1153,1393,0.689695795727
558,1153,1396,0.39348962631
559,1153,1417,0.575937705744
560,1153,1424,0.599514653238
561,1153,1433,0.628818013107
562,1153,1434,0.338260644649
563,1153,1437,0.370482784448
564,1153,1443,0.0339672166297
565,1153,1455,0.589543595687
566,1153,1458,0.605657691306
567,1160,1161,0.604147990365
568,1160,1166,0.693697102185
569,1160,1172,0.324587575632
570,1160,1181,0.764657717974
571,1160,1195,0.0894802876205
572,1160,1196,0.765216509237
573,1160,1207,0.70178511553
574,1160,1211,0.759479727976
575,1160,1217,0.138866009576
576,1160,1228,0.395802377153
577,1160,1231,0.764327396935
578,1160,1233,0.197979861829
579,1160,1235,0.53248538951
580,1160,1241,0.0245205944944
581,1160,1242,0.755154097125
582,1160,1243,0.613687622848
583,1160,1247,0.416781408538
584,1160,1251,0.00379862401745
585,1160,1254,0.0227924633968
586,1160,1257,0.777400956201
587,1160,1266,0.675849928499
588,1160,1272,0.671375817785
589,1160,1274,0.722132173429
590,1160,1276,0.732985930629
591,1160,1277,0.727746872709
592,1160,1278,0.570075723382
593,1160,1279,0.54556760179
594,1160,1281,0.628350995655
595,1160,1285,0.0952165504799
596,1160,1292,0.482669687468
597,1160,1299,0.00720742954193
598,1160,1301,0.639337971552
599,1160,1307,0.732328785386
600,1160,1308,0.302986171813
601,1160,1314,0.580310606915
602,1160,1322,0.102170678531
603,1160,1323,0.561349411858
604,1160,1326,0.746461364014
605,1160,1328,0.476701047823
606,1160,1329,0.682214035001
607,1160,1332,0.551723262214
608,1160,1334,0.133359995262
609,1160,1338,0.678265061881
610,1160,1355,0.154027465221
611,1160,1361,0.615723940912
612,1160,1380,0.0319361282499
613,1160,1387,0.676078271384
614,1160,1388,0.532474118663
615,1160,1393,0.718260718125
616,1160,1396,0.426654457746
617,1160,1417,0.609038440703
618,1160,1424,0.631951108217
619,1160,1433,0.660226204069
620,1160,1434,0.36960726598
621,1160,1437,0.402996952547
622,1160,1443,0.0387669457087
623,1160,1455,0.622278820632
624,1160,1458,0.637897116265
625,1161,1166,0.607029466216
626,1161,1172,0.246868068683
627,1161,1181,0.689068723168
628,1161,1195,0.0628192015632
629,1161,1196,0.689734167095
630,1161,1207,0.616139620337
631,1161,1211,0.682917272182
632,1161,1217,0.0990916063238
633,1161,1228,0.308827933459
634,1161,1231,0.688675502901
635,1161,1233,0.144107327242
636,1161,1235,0.437209889494
637,1161,1241,0.0168562484994
638,1161,1242,0.677798855929
639,1161,1243,0.520044625314
640,1161,1247,0.327697290901
641,1161,1251,0.0025940726138
642,1161,1254,0.0156596040913
643,1161,1257,0.704322261467
644,1161,1266,0.587137935681
645,1161,1272,0.582196315714
646,1161,1274,0.639327015036
647,1161,1276,0.651855870366
648,1161,1277,0.645794205429
649,1161,1278,0.474906567607
650,1161,1279,0.45020543835
651,1161,1281,0.535572502101
652,1161,1285,0.066972031053
653,1161,1292,0.388893132839
654,1161,1299,0.00492728537651
655,1161,1301,0.547326320003
656,1161,1307,0.65109410021
657,1161,1308,0.228687649422
658,1161,1314,0.485361773317
659,1161,1322,0.0720275414971
660,1161,1323,0.466057819005
661,1161,1326,0.667568770496
662,1161,1328,0.383225098985
663,1161,1329,0.594197969977
664,1161,1332,0.456365676262
665,1161,1334,0.0949886818094
666,1161,1338,0.589812880235
667,1161,1355,0.110467547711
668,1161,1361,0.522190234182
669,1161,1380,0.0220062152869
670,1161,1387,0.587390618881
671,1161,1388,0.437198749416
672,1161,1393,0.634885177477
673,1161,1396,0.336678268233
674,1161,1417,0.515158830307
675,1161,1424,0.539412567427
676,1161,1433,0.569959075523
677,1161,1434,0.285667447595
678,1161,1437,0.315266488024
679,1161,1443,0.0267718607933
680,1161,1455,0.529120436874
681,1161,1458,0.545779031158
682,1166,1172,0.163559330646
683,1166,1181,0.56934411685
684,1166,1195,0.038449223942
685,1166,1196,0.570105934906
686,1166,1207,0.489152021537
687,1166,1211,0.562328505142
688,1166,1217,0.0615746952263
689,1166,1228,0.210452842957
690,1166,1231,0.568894213994
691,1166,1233,0.0912737996491
692,1166,1235,0.316676682082
693,1166,1241,0.0101244357983
694,1166,1242,0.55652758162
695,1166,1243,0.392605804216
696,1166,1247,0.225270534355
697,1166,1251,0.00154911342036
698,1166,1254,0.00940112067531
699,1166,1257,0.586950353047
700,1166,1266,0.458980597925
701,1166,1272,0.453931680769
702,1166,1274,0.513959113734
703,1166,1276,0.527625212128
704,1166,1277,0.520990000124
705,1166,1278,0.350452325887
706,1166,1279,0.328178700648
707,1166,1281,0.407559716718
708,1166,1285,0.0410615977124
709,1166,1292,0.275167479621
710,1166,1299,0.00294522340002
711,1166,1301,0.419038971506
712,1166,1307,0.52678894605
713,1166,1308,0.150289822232
714,1166,1314,0.360046328802
715,1166,1322,0.0442539793008
716,1166,1323,0.342410338767
717,1166,1326,0.545031641302
718,1166,1328,0.270423493438
719,1166,1329,0.466239867326
720,1166,1332,0.333682611832
721,1166,1334,0.0589235726155
722,1166,1338,0.461724644307
723,1166,1355,0.0689733550782
724,1166,1361,0.394657970112
725,1166,1380,0.0132453900533
726,1166,1387,0.459239476695
727,1166,1388,0.316666885112
728,1166,1393,0.509158687149
729,1166,1396,0.232414798539
730,1166,1417,0.387949524149
731,1166,1424,0.411294775144
732,1166,1433,0.441541266534
733,1166,1434,0.192614000918
734,1166,1437,0.215479845718
735,1166,1443,0.0161451197461
736,1166,1455,0.401317215175
737,1166,1458,0.417519846791
738,1172,1181,0.901017083577
739,1172,1195,0.215885380622
740,1172,1196,0.901293900089
741,1172,1207,0.86829907165
742,1172,1211,0.89844079345
743,1172,1217,0.311192319022
744,1172,1228,0.647302577069
745,1172,1231,0.900853337394
746,1172,1233,0.408836142328
747,1172,1235,0.761389851128
748,1172,1241,0.0657904499594
749,1172,1242,0.896272980592
750,1172,1243,0.816532525148
751,1172,1247,0.666898239051
752,1172,1251,0.0105698777458
753,1172,1254,0.0613366407964
754,1172,1257,0.907272159729
755,1172,1266,0.853829037611
756,1172,1272,0.851270900578
757,1172,1274,0.879239941582
758,1172,1276,0.884934771711
759,1172,1277,0.882197935251
760,1172,1278,0.787906083341
761,1172,1279,0.770823534809
762,1172,1281,0.825683463217
763,1172,1285,0.227698568166
764,1172,1292,0.723290072013
765,1172,1299,0.0199334790802
766,1172,1301,0.83239283132
767,1172,1307,0.884592706761
768,1172,1308,0.5491090468
769,1172,1314,0.794821658926
770,1172,1322,0.241743286025
771,1172,1323,0.781909687726
772,1172,1326,0.891872996723
773,1172,1328,0.718478358532
774,1172,1329,0.857435932223
775,1172,1332,0.775185273085
776,1172,1334,0.301243828899
777,1172,1338,0.855202211301
778,1172,1355,0.337788204935
779,1172,1361,0.817817031289
780,1172,1380,0.0846043617603
781,1172,1387,0.853959097254
782,1172,1388,0.761381625782
783,1172,1393,0.877185146802
784,1172,1396,0.675830436809
785,1172,1417,0.813582985931
786,1172,1424,0.827895609258
787,1172,1433,0.844813992669
788,1172,1434,0.621586507119
789,1172,1437,0.654119426912
790,1172,1443,0.10151902511
791,1172,1455,0.821921666652
792,1172,1458,0.831519991423
793,1181,1195,0.0273262471553
794,1181,1196,0.482330157862
795,1181,1207,0.40217976944
796,1181,1211,0.474428679613
797,1181,1217,0.0440683549714
798,1181,1228,0.157733423454
799,1181,1231,0.481096216724
800,1181,1233,0.0659167950589
801,1181,1235,0.24562585516
802,1181,1241,0.00713473723498
803,1181,1242,0.468563753662
804,1181,1243,0.312305221185
805,1181,1247,0.169636727744
806,1181,1251,0.00108888194283
807,1181,1254,0.00662358447481
808,1181,1257,0.499595063108
809,1181,1266,0.373451183881
810,1181,1272,0.36870193163
811,1181,1274,0.426256483533
812,1181,1276,0.439700241798
813,1181,1277,0.433156829177
814,1181,1278,0.274871782919
815,1181,1279,0.255512202696
816,1181,1281,0.325841362708
817,1181,1285,0.0292058416811
818,1181,1292,0.210560050207
819,1181,1299,0.00207107713183
820,1181,1301,0.336325597163
821,1181,1307,0.438873859004
822,1181,1308,0.110531658164
823,1181,1314,0.283299121849
824,1181,1322,0.0315067683179
825,1181,1323,0.267848983262
826,1181,1326,0.45701233655
827,1181,1328,0.206612416542
828,1181,1329,0.380308619672
829,1181,1332,0.260269551781
830,1181,1334,0.0421371301905
831,1181,1338,0.376039299664
832,1181,1355,0.0494743960216
833,1181,1361,0.3141547466
834,1181,1380,0.00934278669643
835,1181,1387,0.373695142827
836,1181,1388,0.245617466185
837,1181,1393,0.421564722093
838,1181,1396,0.175416107822
839,1181,1417,0.30811818902
840,1181,1424,0.329243714547
841,1181,1433,0.357116507646
842,1181,1434,0.143550819467
843,1181,1437,0.161759136174
844,1181,1443,0.0113980129177
845,1181,1455,0.320174084063
846,1181,1458,0.334933457188
847,1195,1196,0.987527204283
848,1195,1207,0.982808040439
849,1195,1211,0.98713108755
850,1195,1217,0.79663892994
851,1195,1228,0.940875908652
852,1195,1231,0.987466180984
853,1195,1233,0.857073194879
854,1195,1235,0.96511815144
855,1195,1241,0.379126692818
856,1195,1242,0.98682864299
857,1195,1243,0.974741234909
858,1195,1247,0.945533263984
859,1195,1251,0.0847763813508
860,1195,1254,0.361673035898
861,1195,1257,0.988350143644
862,1195,1266,0.980638617796
863,1195,1272,0.98024843562
864,1195,1274,0.984407067133
865,1195,1276,0.985225738795
866,1195,1277,0.984833448766
867,1195,1278,0.969889820791
868,1195,1279,0.9668479483
869,1195,1281,0.976230793404
870,1195,1285,0.718820257633
871,1195,1292,0.957743023956
872,1195,1299,0.149917240195
873,1195,1301,0.977304929903
874,1195,1307,0.985176823906
875,1195,1308,0.913492258401
876,1195,1314,0.971089328239
877,1195,1322,0.73435345751
878,1195,1323,0.968835024382
879,1195,1326,0.986210830819
880,1195,1328,0.956764515009
881,1195,1329,0.981185329123
882,1195,1332,0.967635549372
883,1195,1334,0.788946625323
884,1195,1338,0.980847226911
885,1195,1355,0.815597952558
886,1195,1361,0.974952057101
887,1195,1380,0.444874726769
888,1195,1387,0.980658401085
889,1195,1388,0.96511662724
890,1195,1393,0.984109403992
891,1195,1396,0.947581082128
892,1195,1417,0.974254964352
893,1195,1424,0.976586609079
894,1195,1433,0.979254485447
895,1195,1434,0.934395595465
896,1195,1437,0.942522480138
897,1195,1443,0.494877717502
898,1195,1455,0.975621926279
899,1195,1458,0.977166040472
900,1196,1207,0.394825684022
901,1196,1211,0.466785021808
902,1196,1217,0.0427937949108
903,1196,1228,0.153699979358
904,1196,1231,0.473441904079
905,1196,1233,0.0640526682385
906,1196,1235,0.239985271441
907,1196,1241,0.00692065043271
908,1196,1242,0.460931717295
909,1196,1243,0.305754025437
910,1196,1247,0.165358659191
911,1196,1251,0.00105601571263
912,1196,1254,0.00642473620739
913,1196,1257,0.491925448498
914,1196,1266,0.366300540183
915,1196,1272,0.361589743606
916,1196,1274,0.418770539463
917,1196,1276,0.432156033319
918,1196,1277,0.42563960306
919,1196,1278,0.268798899319
920,1196,1279,0.24971974159
921,1196,1281,0.319137991401
922,1196,1285,0.0283483927542
923,1196,1292,0.205505355729
924,1196,1299,0.00200862446004
925,1196,1301,0.32951196134
926,1196,1307,0.431332914117
927,1196,1308,0.10755109722
928,1196,1314,0.277111201934
929,1196,1322,0.0305838950828
930,1196,1323,0.261875223591
931,1196,1326,0.449409341223
932,1196,1328,0.201628284714
933,1196,1329,0.373104863068
934,1196,1332,0.254406095734
935,1196,1334,0.0409160349311
936,1196,1338,0.368868275144
937,1196,1355,0.0480513400272
938,1196,1361,0.307582106237
939,1196,1380,0.00906304937139
940,1196,1387,0.366542560669
941,1196,1388,0.239977013829
942,1196,1393,0.414101704661
943,1196,1396,0.171022307914
944,1196,1417,0.301616302419
945,1196,1424,0.322503832491
946,1196,1433,0.350103862835
947,1196,1434,0.139819838279
948,1196,1437,0.157642016639
949,1196,1443,0.0110574258295
950,1196,1455,0.313533079924
951,1196,1458,0.328134080445
952,1207,1211,0.585034205103
953,1207,1217,0.0671637732231
954,1207,1228,0.226296729556
955,1207,1231,0.591506731536
956,1207,1233,0.0992734606821
957,1207,1235,0.337103207533
958,1207,1241,0.0110986541236
959,1207,1242,0.579309082102
960,1207,1243,0.414955822025
961,1207,1247,0.241888204681
962,1207,1251,0.00169959278902
963,1207,1254,0.0103064630695
964,1207,1257,0.609266271491
965,1207,1266,0.482109997075
966,1207,1272,0.477030987522
967,1207,1274,0.537108540196
968,1207,1276,0.550692761099
969,1207,1277,0.544101597026
970,1207,1278,0.371871844364
971,1207,1279,0.348968249105
972,1207,1281,0.43015813787
973,1207,1285,0.0448777640431
974,1207,1292,0.29406879301
975,1207,1299,0.00323088069075
976,1207,1301,0.441799237656
977,1207,1307,0.549862492469
978,1207,1308,0.162536768576
979,1207,1314,0.381707641024
980,1207,1322,0.0483518780069
981,1207,1323,0.36361348618
982,1207,1326,0.567945225112
983,1207,1328,0.289128926074
984,1207,1329,0.489404166683
985,1207,1332,0.354636773356
986,1207,1334,0.0642884961385
987,1207,1338,0.48486839525
988,1207,1355,0.0751802010268
989,1207,1361,0.417044599204
990,1207,1380,0.0145155167322
991,1207,1387,0.482370290059
992,1207,1388,0.337093090373
993,1207,1393,0.532328704989
994,1207,1396,0.249389834959
995,1207,1417,0.410213491333
996,1207,1424,0.433948600937
997,1207,1433,0.464546444719
998,1207,1434,0.207467790576
999,1207,1437,0.23159117943
1000,1207,1443,0.0176883227963
1001,1207,1455,0.423817117744
1002,1207,1458,0.440260129687
1003,1211,1217,0.0468344931046
1004,1211,1228,0.166392351428
1005,1211,1231,0.497031202936
1006,1211,1233,0.0699539854084
1007,1211,1235,0.257633862383
1008,1211,1241,0.00760101317076
1009,1211,1242,0.484471195112
1010,1211,1243,0.326163599716
1011,1211,1247,0.178810375221
1012,1211,1251,0.00116050538831
1013,1211,1254,0.00705669250851
1014,1211,1257,0.515534028338
1015,1211,1266,0.388490083201
1016,1211,1272,0.383666691717
1017,1211,1274,0.441921996138
1018,1211,1276,0.455467607165
1019,1211,1277,0.448877533106
1020,1211,1278,0.287764150984
1021,1211,1279,0.267831931209
1022,1211,1281,0.340003428253
1023,1211,1285,0.0310693919358
1024,1211,1292,0.221356803449
1025,1211,1299,0.00220716373125
1026,1211,1301,0.350706290472
1027,1211,1307,0.454635635929
1028,1211,1308,0.116959218371
1029,1211,1314,0.296425177023
1030,1211,1322,0.0335120666963
1031,1211,1323,0.280539395426
1032,1211,1326,0.472876564999
1033,1211,1328,0.217262457759
1034,1211,1329,0.395449375302
1035,1211,1332,0.272734629195
1036,1211,1334,0.044787726294
1037,1211,1338,0.391117361941
1038,1211,1355,0.0525612093728
1039,1211,1361,0.328056045575
1040,1211,1380,0.00995191871311
1041,1211,1387,0.388737771007
1042,1211,1388,0.257625203351
1043,1211,1393,0.437189195659
1044,1211,1396,0.18483272498
1045,1211,1417,0.321877733252
1046,1211,1424,0.343478314798
1047,1211,1433,0.371888044845
1048,1211,1434,0.151571288018
1049,1211,1437,0.170594298689
1050,1211,1443,0.0121394998
1051,1211,1455,0.334211943294
1052,1211,1458,0.349285952755
1053,1217,1228,0.89243768852
1054,1217,1231,0.976233512895
1055,1217,1233,0.757662062185
1056,1217,1235,0.935172282928
1057,1217,1241,0.241487233149
1058,1217,1242,0.975039063059
1059,1217,1243,0.952651427421
1060,1217,1247,0.900507165402
1061,1217,1251,0.046069580819
1062,1217,1254,0.22804268078
1063,1217,1257,0.977891936726
1064,1217,1266,0.963513252454
1065,1217,1272,0.96279104477
1066,1217,1274,0.970514716726
1067,1217,1276,0.972042059663
1068,1217,1277,0.971309906913
1069,1217,1278,0.943801869895
1070,1217,1279,0.9382921511
1071,1217,1281,0.955384038458
1072,1217,1285,0.571342546323
1073,1217,1292,0.921977504702
1074,1217,1299,0.0842051181056
1075,1217,1301,0.957359096325
1076,1217,1307,0.971950738687
1077,1217,1308,0.846284823279
1078,1217,1314,0.945982768719
1079,1217,1322,0.590380222628
1080,1217,1323,0.941887937592
1081,1217,1326,0.973882887488
1082,1217,1328,0.920239775246
1083,1217,1329,0.964526043324
1084,1217,1332,0.939715859463
1085,1217,1334,0.660898589677
1086,1217,1338,0.963899586069
1087,1217,1355,0.697520143233
1088,1217,1361,0.953037739191
1089,1217,1380,0.294695400405
1090,1217,1387,0.963549883872
1091,1217,1388,0.935169538107
1092,1217,1393,0.969959946716
1093,1217,1396,0.904076115327
1094,1217,1417,0.951760939564
1095,1217,1424,0.956037868661
1096,1217,1433,0.960953586717
1097,1217,1434,0.8813179778
1098,1217,1437,0.895283098865
1099,1217,1443,0.338099221883
1100,1217,1455,0.954266181903
1101,1217,1458,0.957103499998
1102,1228,1231,0.88001431768
1103,1228,1233,0.358252861942
1104,1228,1235,0.720337826544
1105,1228,1241,0.0537886949484
1106,1228,1242,0.87460525005
1107,1228,1243,0.782254438891
1108,1228,1247,0.617750925813
1109,1228,1251,0.00854948978056
1110,1228,1254,0.0501037920895
1111,1228,1257,0.887613961197
1112,1228,1266,0.825026006568
1113,1228,1272,0.82206883448
1114,1228,1274,0.854591397122
1115,1228,1276,0.861265197302
1116,1228,1277,0.858055680909
1117,1228,1278,0.749917662372
1118,1228,1279,0.730820740588
1119,1228,1281,0.792680990561
1120,1228,1285,0.192238700567
1121,1228,1292,0.678451381584
1122,1228,1299,0.0161524966373
1123,1228,1301,0.800353468633
1124,1228,1307,0.860863830914
1125,1228,1308,0.495723857219
1126,1228,1314,0.75769096464
1127,1228,1322,0.204675866773
1128,1228,1323,0.743197301169
1129,1228,1326,0.869420054044
1130,1228,1328,0.673212241883
1131,1228,1329,0.829201465651
1132,1228,1332,0.735682755004
1133,1228,1334,0.258159169915
1134,1228,1338,0.826614817584
1135,1228,1355,0.291658470594
1136,1228,1361,0.783715366253
1137,1228,1380,0.0694255545867
1138,1228,1387,0.825176447048
1139,1228,1388,0.720328705862
1140,1228,1393,0.852187702816
1141,1228,1396,0.627264435422
1142,1228,1417,0.778903041375
1143,1228,1424,0.795208073712
1144,1228,1433,0.814620232612
1145,1228,1434,0.570063707456
1146,1228,1437,0.604205653627
1147,1228,1443,0.0835826570922
1148,1228,1455,0.788389518845
1149,1228,1458,0.79935399757
1150,1231,1233,0.0679832319582
1151,1231,1235,0.251807298406
1152,1231,1241,0.00737295076657
1153,1231,1242,0.476809516974
1154,1231,1243,0.31945411744
1155,1231,1247,0.174347795713
1156,1231,1251,0.00112546618607
1157,1231,1254,0.00684484937071
1158,1231,1257,0.507865047459
1159,1231,1266,0.381223845277
1160,1231,1272,0.376435134244
1161,1231,1274,0.434366255586
1162,1231,1276,0.447866130053
1163,1231,1277,0.441296907435
1164,1231,1278,0.281514571995
1165,1231,1279,0.261856083721
1166,1231,1281,0.333150004965
1167,1231,1285,0.0301585781609
1168,1231,1292,0.216111832449
1169,1231,1299,0.00214059044192
1170,1231,1301,0.343749493729
1171,1231,1307,0.447036644872
1172,1231,1308,0.113826297522
1173,1231,1314,0.290064104739
1174,1231,1322,0.0325320490257
1175,1231,1323,0.274386274454
1176,1231,1326,0.465232776171
1177,1231,1328,0.212088075982
1178,1231,1329,0.388135590229
1179,1231,1332,0.266689237423
1180,1231,1334,0.0434928050247
1181,1231,1338,0.383832828208
1182,1231,1355,0.0510535502421
1183,1231,1361,0.321326197841
1184,1231,1380,0.0096540054235
1185,1231,1387,0.381469790337
1186,1231,1388,0.251798768781
1187,1231,1393,0.429652076296
1188,1231,1396,0.180252836569
1189,1231,1417,0.315215172671
1190,1231,1424,0.336590569613
1191,1231,1433,0.3647471116
1192,1231,1434,0.147666272872
1193,1231,1437,0.166295244701
1194,1231,1443,0.0117768796691
1195,1231,1455,0.327417345778
1196,1231,1458,0.34234247544
1197,1233,1235,0.886639044714
1198,1233,1241,0.147206682669
1199,1233,1242,0.95491311126
1200,1233,1243,0.916028945227
1201,1233,1247,0.830719614456
1202,1233,1251,0.0255166950096
1203,1233,1254,0.138055745205
1204,1233,1257,0.959971818464
1205,1233,1266,0.934716291809
1206,1233,1272,0.93346344768
1207,1233,1274,0.946939312917
1208,1233,1276,0.949624477866
1209,1233,1277,0.948336463472
1210,1233,1278,0.901045551639
1211,1233,1279,0.891824421151
1212,1233,1281,0.920699197268
1213,1233,1285,0.419504991524
1214,1233,1292,0.864992096484
1215,1233,1299,0.0474858451892
1216,1233,1301,0.924087681459
1217,1233,1307,0.94946373968
1218,1233,1308,0.749062401298
1219,1233,1314,0.904718197686
1220,1233,1322,0.438660734867
1221,1233,1323,0.897833101416
1222,1233,1326,0.952869774307
1223,1233,1328,0.862174908035
1224,1233,1329,0.936475721858
1225,1233,1332,0.894199333808
1226,1233,1334,0.513787656317
1227,1233,1338,0.935387089777
1228,1233,1355,0.555613965938
1229,1233,1361,0.916687924978
1230,1233,1380,0.184699876935
1231,1233,1387,0.934779877377
1232,1233,1388,0.88663449409
1233,1233,1393,0.945965664611
1234,1233,1396,0.83633696578
1235,1233,1417,0.914511503526
1236,1233,1424,0.921819726543
1237,1233,1433,0.930282600989
1238,1233,1434,0.801044300038
1239,1233,1437,0.822553279539
1240,1233,1443,0.216884907043
1241,1233,1455,0.918786182484
1242,1233,1458,0.923648556304
1243,1235,1241,0.0237083444291
1244,1235,1242,0.748715664099
1245,1235,1243,0.605472697724
1246,1235,1247,0.408415672051
1247,1235,1251,0.00367021113122
1248,1235,1254,0.0220361648895
1249,1235,1257,0.771370409411
1250,1235,1266,0.668242279038
1251,1235,1272,0.663715410827
1252,1235,1274,0.715152941743
1253,1235,1276,0.726175941415
1254,1235,1277,0.720854151654
1255,1235,1278,0.561595909369
1256,1235,1279,0.536996995132
1257,1235,1281,0.620254937375
1258,1235,1285,0.0922840262842
1259,1235,1292,0.474056411288
1260,1235,1299,0.0069645872495
1261,1235,1301,0.631340831152
1262,1235,1307,0.725508312537
1263,1235,1308,0.295746295777
1264,1235,1314,0.571881061974
1265,1235,1322,0.09904742391
1266,1235,1323,0.552832489342
1267,1235,1326,0.739873087749
1268,1235,1328,0.468097907883
1269,1235,1329,0.674683853374
1270,1235,1332,0.543171539104
1271,1235,1334,0.129420749599
1272,1235,1338,0.670686475663
1273,1235,1355,0.149583105222
1274,1235,1361,0.607524624691
1275,1235,1380,0.0308860145923
1276,1235,1387,0.668473352207
1277,1235,1388,0.523872081119
1278,1235,1393,0.711223132386
1279,1235,1396,0.418232660019
1280,1235,1417,0.600788963509
1281,1235,1424,0.623886532069
1282,1235,1433,0.652440441117
1283,1235,1434,0.361601338529
1284,1235,1437,0.39472064143
1285,1235,1443,0.0375009241843
1286,1235,1455,0.614131716154
1287,1235,1458,0.629886522258
1288,1241,1242,0.997910378933
1289,1241,1243,0.995950998199
1290,1241,1247,0.991043578706
1291,1241,1251,0.371234933583
1292,1241,1254,0.783150075167
1293,1241,1257,0.998154157742
1294,1241,1266,0.996912041667
1295,1241,1272,0.99684875742
1296,1241,1274,0.997521080681
1297,1241,1276,0.997652872378
1298,1241,1277,0.997589743599
1299,1241,1278,0.99515305554
1300,1241,1279,0.99464931429
1301,1241,1281,0.996194658695
1302,1241,1285,0.94217915479
1303,1241,1292,0.993125505373
1304,1241,1299,0.52921133909
1305,1241,1301,0.99636997768
1306,1241,1307,0.997645003118
1307,1241,1308,0.985360293022
1308,1241,1314,0.995350968719
1309,1241,1322,0.94629522565
1310,1241,1323,0.994978679308
1311,1241,1326,0.997811210812
1312,1241,1328,0.992960296264
1313,1241,1329,0.997000642445
1314,1241,1332,0.99477999773
1315,1241,1334,0.959721158493
1316,1241,1338,0.996945858938
1317,1241,1355,0.965743832107
1318,1241,1361,0.995985522265
1319,1241,1380,0.836283006394
1320,1241,1387,0.996915249221
1321,1241,1388,0.994361414658
1322,1241,1393,0.997473116453
1323,1241,1396,0.991395888958
1324,1241,1417,0.995871319097
1325,1241,1424,0.996252770288
1326,1241,1433,0.996687355636
1327,1241,1434,0.989104885822
1328,1241,1437,0.99052327645
1329,1241,1443,0.861968763419
1330,1241,1455,0.996095136322
1331,1241,1458,0.996347326577
1332,1242,1243,0.334281479976
1333,1242,1247,0.184263670693
1334,1242,1251,0.0012038405614
1335,1242,1254,0.0073185877419
1336,1242,1257,0.524695097067
1337,1242,1266,0.397244706843
1338,1242,1272,0.392382365711
1339,1242,1274,0.450992684793
1340,1242,1276,0.46458487352
1341,1242,1277,0.457973830169
1342,1242,1278,0.295345205355
1343,1242,1279,0.275090692908
1344,1242,1281,0.348287726139
1345,1242,1285,0.0321935768792
1346,1242,1292,0.227747799361
1347,1242,1299,0.0022894932558
1348,1242,1301,0.359109475321
1349,1242,1307,0.463750431662
1350,1242,1308,0.120803691447
1351,1242,1314,0.304136969997
1352,1242,1322,0.0347214678256
1353,1242,1323,0.288007081306
1354,1242,1326,0.482033828245
1355,1242,1328,0.223569183752
1356,1242,1329,0.404257150923
1357,1242,1332,0.280075435867
1358,1242,1334,0.046384520023
1359,1242,1338,0.399892474154
1360,1242,1355,0.0544193579304
1361,1242,1361,0.336197526737
1362,1242,1380,0.0103201477734
1363,1242,1387,0.397494348107
1364,1242,1388,0.264707352705
1365,1242,1393,0.446240417014
1366,1242,1396,0.190427096966
1367,1242,1417,0.329941173594
1368,1242,1424,0.351802148994
1369,1242,1433,0.380501335491
1370,1242,1434,0.156352023567
1371,1242,1437,0.175850680788
1372,1242,1443,0.0125876420199
1373,1242,1455,0.342428343066
1374,1242,1458,0.357673852518
1375,1243,1247,0.34094599042
1376,1243,1251,0.00275276802212
1377,1243,1254,0.0166042922661
1378,1243,1257,0.716568397526
1379,1243,1266,0.6014914159
1380,1243,1272,0.596603559576
1381,1243,1274,0.652938601955
1382,1243,1276,0.66524220485
1383,1243,1277,0.659291792337
1384,1243,1278,0.489771145581
1385,1243,1279,0.464981507767
1386,1243,1281,0.550345762542
1387,1243,1285,0.0707896003087
1388,1243,1292,0.403132401063
1389,1243,1299,0.00522796962292
1390,1243,1301,0.562031442899
1391,1243,1307,0.664494649584
1392,1243,1308,0.239358574661
1393,1243,1314,0.500241839267
1394,1243,1322,0.0761097798069
1395,1243,1323,0.480899086222
1396,1243,1326,0.680646926245
1397,1243,1328,0.397391788736
1398,1243,1329,0.608469678189
1399,1243,1332,0.471170659124
1400,1243,1334,0.100231706931
1401,1243,1338,0.604136064626
1402,1243,1355,0.116455009773
1403,1243,1361,0.53702119369
1404,1243,1380,0.0233246995632
1405,1243,1387,0.601741273097
1406,1243,1388,0.451898807499
1407,1243,1393,0.648572251945
1408,1243,1396,0.350100982878
1409,1243,1417,0.530011607735
1410,1243,1424,0.554165360854
1411,1243,1433,0.584487132797
1412,1243,1434,0.297970016561
1413,1243,1437,0.328258000194
1414,1243,1443,0.02836759275
1415,1243,1455,0.543924161377
1416,1243,1458,0.560494055744
1417,1247,1251,0.00635726134308
1418,1247,1254,0.0376611107323
1419,1247,1257,0.854223044021
1420,1247,1266,0.777696872634
1421,1247,1272,0.774158769236
1422,1247,1274,0.813451205531
1423,1247,1276,0.821619082049
1424,1247,1277,0.817686534821
1425,1247,1278,0.689908289965
1426,1247,1279,0.668256064065
1427,1247,1281,0.739366691023
1428,1247,1285,0.150075198984
1429,1247,1292,0.610206769382
1430,1247,1299,0.0120343971901
1431,1247,1301,0.74838593708
1432,1247,1307,0.82112683881
1433,1247,1308,0.421751456382
1434,1247,1314,0.698797681569
1435,1247,1322,0.160325960019
1436,1247,1323,0.682258585845
1437,1247,1326,0.831648821068
1438,1247,1328,0.60450388307
1439,1247,1329,0.782704291889
1440,1247,1332,0.6737436553
1441,1247,1334,0.205210504128
1442,1247,1338,0.779600637512
1443,1247,1355,0.234006375334
1444,1247,1361,0.72888403334
1445,1247,1380,0.0524494878135
1446,1247,1387,0.777877050282
1447,1247,1388,0.656471693235
1448,1247,1393,0.810518225528
1449,1247,1396,0.555277217583
1450,1247,1417,0.723282474393
1451,1247,1424,0.742332396083
1452,1247,1433,0.765277203105
1453,1247,1434,0.495907206784
1454,1247,1437,0.531094136777
1455,1247,1443,0.0633806439984
1456,1247,1455,0.734341480437
1457,1247,1458,0.747208477505
1458,1251,1254,0.979973666025
1459,1251,1257,0.999863538399
1460,1251,1266,0.99977144639
1461,1251,1272,0.999766748729
1462,1251,1274,0.999816627827
1463,1251,1276,0.999826398044
1464,1251,1277,0.999821718367
1465,1251,1278,0.999640668868
1466,1251,1279,0.999603137712
1467,1251,1281,0.999718161866
1468,1251,1285,0.995491198292
1469,1251,1292,0.99948939202
1470,1251,1299,0.938389762702
1471,1251,1301,0.999731190464
1472,1251,1307,0.999825814733
1473,1251,1308,0.998904697323
1474,1251,1314,0.999655404731
1475,1251,1322,0.995828965628
1476,1251,1323,0.999627680978
1477,1251,1326,0.999838133111
1478,1251,1328,0.999477040462
1479,1251,1329,0.999778022398
1480,1251,1332,0.99961287764
1481,1251,1334,0.996912111991
1482,1251,1338,0.999773956457
1483,1251,1355,0.997388956198
1484,1251,1361,0.999702614614
1485,1251,1380,0.985757593164
1486,1251,1387,0.999771684475
1487,1251,1388,0.999581671989
1488,1251,1393,0.999813071464
1489,1251,1396,0.999359891528
1490,1251,1417,0.999694122171
1491,1251,1424,0.999722480822
1492,1251,1433,0.999754765191
1493,1251,1434,0.999187713396
1494,1251,1437,0.999294398093
1495,1251,1443,0.988319644907
1496,1251,1455,0.999710764103
1497,1251,1458,0.999729507416
1498,1254,1257,0.998333032585
1499,1254,1266,0.997210949785
1500,1254,1272,0.997153773836
1501,1254,1274,0.997761167451
1502,1254,1276,0.997880222064
1503,1254,1277,0.997823194782
1504,1254,1278,0.995621482132
1505,1254,1279,0.995166187822
1506,1254,1281,0.996562768608
1507,1254,1285,0.947497071757
1508,1254,1292,0.993788658853
1509,1254,1299,0.554553808214
1510,1254,1301,0.99672118392
1511,1254,1307,0.997873113419
1512,1254,1308,0.986762539242
1513,1254,1314,0.99580034897
1514,1254,1322,0.951254163974
1515,1254,1323,0.995463881446
1516,1254,1326,0.99802325376
1517,1254,1328,0.993639284697
1518,1254,1329,0.997290997492
1519,1254,1332,0.995284307159
1520,1254,1334,0.963488219205
1521,1254,1338,0.99724150267
1522,1254,1355,0.968965839144
1523,1254,1361,0.996373789361
1524,1254,1380,0.849787659117
1525,1254,1387,0.997213847722
1526,1254,1388,0.994905956717
1527,1254,1393,0.997717837997
1528,1254,1396,0.992224584935
1529,1254,1417,0.99627059019
1530,1254,1424,0.996615277873
1531,1254,1433,0.997007947631
1532,1254,1434,0.99015204551
1533,1254,1437,0.991435291123
1534,1254,1443,0.873674705769
1535,1254,1455,0.996472839451
1536,1254,1458,0.996700717064
1537,1257,1266,0.357090170763
1538,1257,1272,0.352431948071
1539,1257,1274,0.409092553013
1540,1257,1276,0.422393510328
1541,1257,1277,0.415916465774
1542,1257,1278,0.261030285177
1543,1257,1279,0.242319800889
1544,1257,1281,0.31053237847
1545,1257,1285,0.0272699174292
1546,1257,1292,0.199067989447
1547,1257,1299,0.00193021849968
1548,1257,1301,0.320758397833
1549,1257,1307,0.421575180811
1550,1257,1308,0.103781297543
1551,1257,1314,0.269190794619
1552,1257,1322,0.0294229484967
1553,1257,1323,0.254237136797
1554,1257,1326,0.439558765791
1555,1257,1328,0.195282514842
1556,1257,1329,0.363821630442
1557,1257,1332,0.246912985927
1558,1257,1334,0.0393788181232
1559,1257,1338,0.359629982406
1560,1257,1355,0.0462589794188
1561,1257,1361,0.299151188874
1562,1257,1380,0.00871168011473
1563,1257,1387,0.357329537261
1564,1257,1388,0.232776207469
1565,1257,1393,0.404456534202
1566,1257,1396,0.165440181611
1567,1257,1417,0.293279647304
1568,1257,1424,0.313849295903
1569,1257,1433,0.341081547595
1570,1257,1434,0.135090187833
1571,1257,1437,0.152416322442
1572,1257,1443,0.0106295651385
1573,1257,1455,0.305010898252
1574,1257,1458,0.31939968379
1575,1266,1272,0.51217014682
1576,1266,1274,0.571834194676
1577,1266,1276,0.585186381182
1578,1266,1277,0.578714123581
1579,1266,1278,0.405267601717
1580,1266,1279,0.38155659225
1581,1266,1281,0.464914005074
1582,1266,1285,0.0513066168732
1583,1266,1292,0.324082459837
1584,1266,1299,0.00371692971195
1585,1266,1301,0.476708829468
1586,1266,1307,0.584371745678
1587,1266,1308,0.182598276422
1588,1266,1314,0.41540254153
1589,1266,1322,0.0552496180778
1590,1266,1323,0.39673603641
1591,1266,1326,0.602071428671
1592,1266,1328,0.318866149037
1593,1266,1329,0.524540587025
1594,1266,1332,0.387439443526
1595,1266,1334,0.0732846325711
1596,1266,1338,0.520010820184
1597,1266,1355,0.0855610908378
1598,1266,1361,0.451580575062
1599,1266,1380,0.0166708172363
1600,1266,1387,0.517513552198
1601,1266,1388,0.369201366983
1602,1266,1393,0.567123946007
1603,1266,1396,0.276630357147
1604,1266,1417,0.444615223658
1605,1266,1424,0.468758795215
1606,1266,1433,0.499644588103
1607,1266,1434,0.231541741231
1608,1266,1437,0.257554659414
1609,1266,1443,0.0203050228194
1610,1266,1455,0.458472853817
1611,1266,1458,0.47515162754
1612,1272,1274,0.555377840933
1613,1272,1276,0.568856288264
1614,1272,1277,0.562319805167
1615,1272,1278,0.389246959816
1616,1272,1279,0.365896604081
1617,1272,1281,0.448312866542
1618,1272,1285,0.0481456768576
1619,1272,1292,0.3096004644
1620,1272,1299,0.00347718778997
1621,1272,1301,0.460048628586
1622,1272,1307,0.568033255856
1623,1272,1308,0.172822123795
1624,1272,1314,0.399250212057
1625,1272,1322,0.0518590335096
1626,1272,1323,0.380836690716
1627,1272,1326,0.585935714965
1628,1272,1328,0.304512236373
1629,1272,1329,0.507830998957
1630,1272,1332,0.371683117797
1631,1272,1334,0.0688679459941
1632,1272,1338,0.503292784875
1633,1272,1355,0.0804687767495
1634,1272,1361,0.435068430344
1635,1272,1380,0.0156086397967
1636,1272,1387,0.500792037288
1637,1272,1388,0.353758405184
1638,1272,1393,0.550628821863
1639,1272,1396,0.263442356266
1640,1272,1417,0.428158928716
1641,1272,1424,0.452136373886
1642,1272,1433,0.482922551328
1643,1272,1434,0.21984998354
1644,1272,1437,0.244968097908
1645,1272,1443,0.0190157705733
1646,1272,1455,0.441911765142
1647,1272,1458,0.458498165057
1648,1274,1276,0.516563534188
1649,1274,1277,0.509917266477
1650,1274,1278,0.340428186465
1651,1274,1279,0.318479286238
1652,1274,1281,0.396900225363
1653,1274,1285,0.0393509654511
1654,1274,1292,0.266413521032
1655,1274,1299,0.0028178587818
1656,1274,1301,0.408286155624
1657,1274,1307,0.515725659128
1658,1274,1308,0.144715446177
1659,1274,1314,0.349895592132
1660,1274,1322,0.0424162346525
1661,1274,1323,0.332498477987
1662,1274,1326,0.534017584611
1663,1274,1328,0.261765952502
1664,1274,1329,0.455224912784
1665,1274,1332,0.323898954176
1666,1274,1334,0.0565126614349
1667,1274,1338,0.450726284164
1668,1274,1355,0.0661801648745
1669,1274,1361,0.384117133934
1670,1274,1380,0.0126782641109
1671,1274,1387,0.448251017027
1672,1274,1388,0.307152152545
1673,1274,1393,0.498075944928
1674,1274,1396,0.22459949372
1675,1274,1417,0.377476133725
1676,1274,1424,0.400603651576
1677,1274,1433,0.43063904394
1678,1274,1434,0.185813075066
1679,1274,1437,0.208079632508
1680,1274,1443,0.0154557812051
1681,1274,1455,0.390713317225
1682,1274,1458,0.406778718318
1683,1276,1277,0.476937124172
1684,1276,1278,0.311443820718
1685,1276,1279,0.29054048829
1686,1276,1281,0.365774162811
1687,1276,1285,0.0346537833121
1688,1276,1292,0.241424217863
1689,1276,1299,0.00247028742842
1690,1276,1301,0.376825082759
1691,1276,1307,0.48273988818
1692,1276,1308,0.129131904082
1693,1276,1314,0.320496842439
1694,1276,1322,0.0373673948557
1695,1276,1323,0.303878202858
1696,1276,1326,0.501072395795
1697,1276,1328,0.237071705396
1698,1276,1329,0.422730908276
1699,1276,1332,0.295690992941
1700,1276,1334,0.0498733018208
1701,1276,1338,0.418306825197
1702,1276,1355,0.0584754172344
1703,1276,1361,0.353406118191
1704,1276,1380,0.0111280246992
1705,1276,1387,0.415874797339
1706,1276,1388,0.279799078185
1707,1276,1393,0.465134789491
1708,1276,1396,0.202449905654
1709,1276,1417,0.346996928939
1710,1276,1424,0.369365029916
1711,1276,1433,0.398615877666
1712,1276,1434,0.16666636812
1713,1276,1437,0.18716595694
1714,1276,1443,0.0135705879201
1715,1276,1455,0.359783003598
1716,1276,1458,0.375360117265
1717,1277,1278,0.326091481898
1718,1277,1279,0.304639997307
1719,1277,1281,0.381561084551
1720,1277,1285,0.0369827985033
1721,1277,1292,0.253993516824
1722,1277,1299,0.00264223105575
1723,1277,1301,0.392793570382
1724,1277,1307,0.499598409823
1725,1277,1308,0.136910070403
1726,1277,1314,0.335362904897
1727,1277,1322,0.0398712541216
1728,1277,1323,0.318334546237
1729,1277,1326,0.517930088201
1730,1277,1328,0.24948892749
1731,1277,1329,0.439273468698
1732,1277,1332,0.309931257983
1733,1277,1334,0.0531688546487
1734,1277,1338,0.434806660425
1735,1277,1355,0.0623021125792
1736,1277,1361,0.368969782023
1737,1277,1380,0.0118954014241
1738,1277,1387,0.432350003691
1739,1277,1388,0.293593035349
1740,1277,1393,0.481951343127
1741,1277,1396,0.213561338234
1742,1277,1417,0.362436550946
1743,1277,1424,0.385212801842
1744,1277,1433,0.414892995664
1745,1277,1434,0.176247838472
1746,1277,1437,0.197646415317
1747,1277,1443,0.0145039307181
1748,1277,1455,0.375464425724
1749,1277,1458,0.39130550633
1750,1278,1279,0.477986755388
1751,1278,1281,0.563225134552
1752,1278,1285,0.0743006811293
1753,1278,1292,0.415752023007
1754,1278,1299,0.00550654094708
1755,1278,1301,0.574834682273
1756,1278,1307,0.676029151457
1757,1278,1308,0.248990121953
1758,1278,1314,0.513287144698
1759,1278,1322,0.0798620562569
1760,1278,1323,0.49393851772
1761,1278,1326,0.691883608809
1762,1278,1328,0.40995513547
1763,1278,1329,0.620831228051
1764,1278,1332,0.484192351689
1765,1278,1334,0.105038009855
1766,1278,1338,0.616548212776
1767,1278,1355,0.121933827402
1768,1278,1361,0.549970132702
1769,1278,1380,0.0245437600976
1770,1278,1387,0.614180555681
1771,1278,1388,0.464856068946
1772,1278,1393,0.660374377584
1773,1278,1396,0.362067546351
1774,1278,1417,0.542989756201
1775,1278,1424,0.567021401255
1776,1278,1433,0.597104501439
1777,1278,1434,0.3090019294
1778,1278,1437,0.33986840234
1779,1278,1443,0.0298421658283
1780,1278,1455,0.556839356076
1781,1278,1458,0.573308117536
1782,1279,1281,0.587747037243
1783,1279,1285,0.0815080459082
1784,1279,1292,0.440326130498
1785,1279,1299,0.00608455269473
1786,1279,1301,0.599168653623
1787,1279,1307,0.697618010731
1788,1279,1308,0.268232709133
1789,1279,1314,0.538314500828
1790,1279,1322,0.0875578633453
1791,1279,1323,0.519028512865
1792,1279,1326,0.712864695937
1793,1279,1328,0.434441386854
1794,1279,1329,0.644162258219
1795,1279,1332,0.50928550079
1796,1279,1334,0.114857032455
1797,1279,1338,0.639989961469
1798,1279,1355,0.133097391434
1799,1279,1361,0.574674238839
1800,1279,1380,0.0270656897499
1801,1279,1387,0.637681988404
1802,1279,1388,0.489898883153
1803,1279,1393,0.682516522785
1804,1279,1396,0.385562555836
1805,1279,1417,0.567775900105
1806,1279,1424,0.591484759016
1807,1279,1433,0.621004234728
1808,1279,1434,0.330839281751
1809,1279,1437,0.362741997979
1810,1279,1443,0.0328901625258
1811,1279,1455,0.581453352974
1812,1279,1458,0.597668308366
1813,1281,1285,0.0572157219526
1814,1281,1292,0.34982331217
1815,1281,1299,0.00416910408769
1816,1281,1301,0.505506025499
1817,1281,1307,0.61206560604
1818,1281,1308,0.20043384984
1819,1281,1314,0.443636005725
1820,1281,1322,0.0615833689782
1821,1281,1323,0.424622321483
1822,1281,1326,0.629333997524
1823,1281,1328,0.344403794362
1824,1281,1329,0.553172786825
1825,1281,1332,0.41512193466
1826,1281,1334,0.0815075233358
1827,1281,1338,0.5486810983
1828,1281,1355,0.0950202207736
1829,1281,1361,0.48025292629
1830,1281,1380,0.0186693361501
1831,1281,1387,0.546202823627
1832,1281,1388,0.39642406821
1833,1281,1393,0.595170900538
1834,1281,1396,0.30027660487
1835,1281,1417,0.473226938585
1836,1281,1424,0.497532351187
1837,1281,1433,0.52842818293
1838,1281,1434,0.252680127462
1839,1281,1437,0.280201941265
1840,1281,1443,0.0227291445907
1841,1281,1455,0.487194060093
1842,1281,1458,0.503945345921
1843,1285,1292,0.956048386453
1844,1285,1299,0.144755515307
1845,1285,1301,0.976375435245
1846,1285,1307,0.984564637014
1847,1285,1308,0.910189435478
1848,1285,1314,0.969913105595
1849,1285,1322,0.726260723781
1850,1285,1323,0.967570148889
1851,1285,1326,0.985640725274
1852,1285,1328,0.955032478661
1853,1285,1329,0.980411573923
1854,1285,1332,0.966323683638
1855,1285,1334,0.782023366688
1856,1285,1338,0.980059849798
1857,1285,1355,0.809337668807
1858,1285,1361,0.973928769328
1859,1285,1380,0.434751234644
1860,1285,1387,0.979863420644
1861,1285,1388,0.963706488716
1862,1285,1393,0.983453873787
1863,1285,1396,0.945502108032
1864,1285,1417,0.973203980847
1865,1285,1424,0.975628428667
1866,1285,1433,0.978403071923
1867,1285,1434,0.931831295565
1868,1285,1437,0.940255527531
1869,1285,1443,0.484609687153
1870,1285,1455,0.974625292532
1871,1285,1458,0.976230995832
1872,1292,1299,0.00880208272294
1873,1292,1301,0.684380229711
1874,1292,1307,0.769936674333
1875,1292,1308,0.347139996419
1876,1292,1314,0.628440444928
1877,1292,1322,0.122190130938
1878,1292,1323,0.61019308019
1879,1292,1326,0.78267288066
1880,1292,1328,0.527028666639
1881,1292,1329,0.724211431426
1882,1292,1332,0.600876693614
1883,1292,1334,0.158412452495
1884,1292,1338,0.720570581263
1885,1292,1355,0.182146420712
1886,1292,1361,0.662156917831
1887,1292,1380,0.0387882769594
1888,1292,1387,0.718552018229
1889,1292,1388,0.582139653907
1890,1292,1393,0.757189826117
1891,1292,1396,0.476509653116
1892,1292,1417,0.655827691092
1893,1292,1424,0.677450474177
1894,1292,1433,0.703868082328
1895,1292,1434,0.417652281276
1896,1292,1437,0.452268368317
1897,1292,1443,0.0470135238933
1898,1292,1455,0.66834638139
1899,1292,1458,0.683030106664
1900,1299,1301,0.99934301201
1901,1299,1307,0.999574221684
1902,1299,1308,0.99732620108
1903,1299,1314,0.999157878936
1904,1299,1322,0.989862859522
1905,1299,1323,0.999090164128
1906,1299,1326,0.999604325674
1907,1299,1328,0.998722321921
1908,1299,1329,0.9994574356
1909,1299,1332,0.999054009439
1910,1299,1334,0.992483607819
1911,1299,1338,0.99944750075
1912,1299,1355,0.993639956724
1913,1299,1361,0.999273200773
1914,1299,1380,0.965879330075
1915,1299,1387,0.999441949366
1916,1299,1388,0.998977799899
1917,1299,1393,0.999543080457
1918,1299,1396,0.998436371871
1919,1299,1417,0.999252454717
1920,1299,1424,0.999321733612
1921,1299,1433,0.999400609765
1922,1299,1434,0.998016275985
1923,1299,1437,0.998276550414
1924,1299,1443,0.971915383666
1925,1299,1455,0.999293109511
1926,1299,1458,0.999338900139
1927,1301,1307,0.603398575899
1928,1301,1308,0.194670663658
1929,1301,1314,0.43468157484
1930,1301,1322,0.0595154516604
1931,1301,1323,0.415764874815
1932,1301,1326,0.620813757541
1933,1301,1328,0.336241807644
1934,1301,1329,0.544169898354
1935,1301,1332,0.406322714658
1936,1301,1334,0.078826768686
1937,1301,1338,0.539663021618
1938,1301,1355,0.0919395245957
1939,1301,1361,0.471185342746
1940,1301,1380,0.0180147724882
1941,1301,1387,0.537176998027
1942,1301,1388,0.387758423188
1943,1301,1393,0.586381490687
1944,1301,1396,0.292693497428
1945,1301,1417,0.464173539242
1946,1301,1424,0.488445119105
1947,1301,1433,0.519359921846
1948,1301,1434,0.245876640724
1949,1301,1437,0.272928053602
1950,1301,1443,0.021935422105
1951,1301,1455,0.478115979246
1952,1301,1458,0.494856339558
1953,1307,1308,0.132568009133
1954,1307,1314,0.327112358834
1955,1307,1322,0.0384695768054
1956,1307,1323,0.31030733863
1957,1307,1326,0.5086252441
1958,1307,1328,0.242579959402
1959,1307,1329,0.430120903757
1960,1307,1332,0.302022064651
1961,1307,1334,0.0513246886007
1962,1307,1338,0.425676510998
1963,1307,1355,0.0601612873118
1964,1307,1361,0.3603406992
1965,1307,1380,0.0114654730941
1966,1307,1387,0.423232811033
1967,1307,1388,0.285928023021
1968,1307,1393,0.472659117309
1969,1307,1396,0.207372388586
1970,1307,1417,0.353874576298
1971,1307,1424,0.376430452091
1972,1307,1433,0.405880711561
1973,1307,1434,0.170905233154
1974,1307,1437,0.191806190298
1975,1307,1443,0.0139810578662
1976,1307,1455,0.366771735457
1977,1307,1458,0.382470666717
1978,1308,1314,0.821405312857
1979,1308,1322,0.274584391185
1980,1308,1323,0.809765863353
1981,1308,1326,0.90734810717
1982,1308,1328,0.751865367984
1983,1308,1329,0.877160839301
1984,1308,1332,0.803684698888
1985,1308,1334,0.33855902272
1986,1308,1338,0.875191185975
1987,1308,1355,0.377186629347
1988,1308,1361,0.842013528315
1989,1308,1380,0.0988818217092
1990,1308,1387,0.874094415938
1991,1308,1388,0.791159492274
1992,1308,1393,0.894513750409
1993,1308,1396,0.712249612378
1994,1308,1417,0.838230589829
1995,1308,1424,0.850997410429
1996,1308,1433,0.866012354475
1997,1308,1434,0.661043337879
1998,1308,1437,0.691865658239
1999,1308,1443,0.118282094586
2000,1308,1455,0.845675881498
2001,1308,1458,0.854220952744
2002,1314,1322,0.0818267575713
2003,1314,1323,0.500548459984
2004,1314,1326,0.6974915312
2005,1314,1328,0.416365879261
2006,1314,1329,0.627035242005
2007,1314,1332,0.490798360276
2008,1314,1334,0.107549676229
2009,1314,1338,0.622779725488
2010,1314,1355,0.124793170823
2011,1314,1361,0.556505333284
2012,1314,1380,0.0251848143695
2013,1314,1387,0.620426857336
2014,1314,1388,0.471439385216
2015,1314,1393,0.666279174145
2016,1314,1396,0.368196733484
2017,1314,1417,0.549543298459
2018,1314,1424,0.573501011329
2019,1314,1433,0.603448762853
2020,1314,1434,0.314675919822
2021,1314,1437,0.345825514905
2022,1314,1443,0.0306172645764
2023,1314,1455,0.563354002082
2024,1314,1458,0.579763372625
2025,1322,1323,0.963150993325
2026,1322,1326,0.983642383825
2027,1322,1328,0.948994900219
2028,1322,1329,0.977701968892
2029,1322,1332,0.961741390732
2030,1322,1334,0.758627534362
2031,1322,1338,0.977302718233
2032,1322,1355,0.788079069304
2033,1322,1361,0.970349538609
2034,1322,1380,0.402557764743
2035,1322,1387,0.977079763938
2036,1322,1388,0.958783267038
2037,1322,1393,0.981157012314
2038,1322,1396,0.938267643335
2039,1322,1417,0.969528359587
2040,1322,1424,0.972275896077
2041,1322,1433,0.975422601922
2042,1322,1434,0.922929989046
2043,1322,1437,0.932374405858
2044,1322,1443,0.45167438362
2045,1322,1455,0.971138851442
2046,1322,1458,0.972959054491
2047,1323,1326,0.724962831054
2048,1323,1328,0.449206604394
2049,1323,1329,0.657765396994
2050,1323,1332,0.524236571709
2051,1323,1334,0.121086111656
2052,1323,1338,0.653666845514
2053,1323,1355,0.140159064312
2054,1323,1361,0.589239890665
2055,1323,1380,0.0286878652881
2056,1323,1387,0.651398793587
2057,1323,1388,0.504866367447
2058,1323,1393,0.695346879608
2059,1323,1396,0.399841007081
2060,1323,1417,0.582406125223
2061,1323,1424,0.605869547644
2062,1323,1433,0.634991024272
2063,1323,1434,0.344226515792
2064,1323,1437,0.376693451759
2065,1323,1443,0.034848922648
2066,1323,1455,0.595950076055
2067,1323,1458,0.611978198197
2068,1326,1328,0.230236912321
2069,1326,1329,0.413444197863
2070,1326,1332,0.287803729331
2071,1326,1334,0.0480952263477
2072,1326,1338,0.409048436672
2073,1326,1355,0.056408868054
2074,1326,1361,0.344732885422
2075,1326,1380,0.010715711006
2076,1326,1387,0.406632608379
2077,1326,1388,0.272171904064
2078,1326,1393,0.455651824206
2079,1326,1396,0.196356365843
2080,1326,1417,0.338398669075
2081,1326,1424,0.360518512899
2082,1326,1433,0.389501484238
2083,1326,1434,0.16143187192
2084,1326,1437,0.181427800087
2085,1326,1443,0.013068968857
2086,1326,1455,0.351038235066
2087,1326,1458,0.366453450137
2088,1328,1329,0.73846083794
2089,1328,1332,0.618138487262
2090,1328,1334,0.168323925407
2091,1328,1338,0.734939252824
2092,1328,1355,0.193201965436
2093,1328,1361,0.67818782376
2094,1328,1380,0.0415849955214
2095,1328,1387,0.73298602417
2096,1328,1388,0.599671914441
2097,1328,1393,0.770275804028
2098,1328,1396,0.494626348061
2099,1328,1417,0.672010161151
2100,1328,1424,0.69309204513
2101,1328,1433,0.718760404061
2102,1328,1434,0.435392389244
2103,1328,1437,0.470291402597
2104,1328,1443,0.0503722213684
2105,1328,1455,0.684223652855
2106,1328,1458,0.698521513041
2107,1329,1332,0.364196779615
2108,1329,1334,0.0668320723643
2109,1329,1338,0.4952450215
2110,1329,1355,0.078118731237
2111,1329,1361,0.427173384754
2112,1329,1380,0.0151216481265
2113,1329,1387,0.492744592925
2114,1329,1388,0.346434038547
2115,1329,1393,0.542651070628
2116,1329,1396,0.257243580896
2117,1329,1417,0.420295984461
2118,1329,1424,0.444175122997
2119,1329,1433,0.474889095571
2120,1329,1434,0.214378391101
2121,1329,1437,0.239062931317
2122,1329,1443,0.0184244655928
2123,1329,1455,0.433987935402
2124,1329,1458,0.450517010199
2125,1332,1334,0.111424490323
2126,1332,1338,0.632070386913
2127,1332,1355,0.129199297858
2128,1332,1361,0.566291545803
2129,1332,1380,0.0261792237539
2130,1332,1387,0.629741015727
2131,1332,1388,0.481353293801
2132,1332,1393,0.675057470131
2133,1332,1396,0.37749011165
2134,1332,1417,0.559361496411
2135,1332,1424,0.583193081098
2136,1332,1433,0.612919613574
2137,1332,1434,0.32330969801
2138,1332,1437,0.354871393531
2139,1332,1443,0.031819169988
2140,1332,1455,0.573105017835
2141,1332,1458,0.589415015882
2142,1334,1338,0.965176066259
2143,1334,1355,0.705336205117
2144,1334,1361,0.954680227465
2145,1334,1380,0.302511941078
2146,1334,1387,0.964838278173
2147,1334,1388,0.937395909041
2148,1334,1393,0.971028578444
2149,1334,1396,0.907264391826
2150,1334,1417,0.953445902106
2151,1334,1424,0.957580098866
2152,1334,1433,0.962330164003
2153,1334,1434,0.885166600257
2154,1334,1437,0.89873089682
2155,1334,1443,0.346501426869
2156,1334,1455,0.955867695382
2157,1334,1458,0.958609965365
2158,1338,1355,0.0737159974202
2159,1338,1361,0.411887604799
2160,1338,1380,0.0142146537993
2161,1338,1387,0.477066567653
2162,1338,1388,0.33236108401
2163,1338,1393,0.527034963264
2164,1338,1396,0.245433160776
2165,1338,1417,0.405082270839
2166,1338,1424,0.428736308905
2167,1338,1433,0.459264819354
2168,1338,1434,0.203995468126
2169,1338,1437,0.227831177196
2170,1338,1443,0.0173228531294
2171,1338,1455,0.41863651766
2172,1338,1458,0.43503029035
2173,1355,1361,0.946359255088
2174,1355,1380,0.26645484673
2175,1355,1387,0.958300918744
2176,1355,1388,0.926146934536
2177,1355,1393,0.965601102794
2178,1355,1396,0.891229486635
2179,1355,1417,0.944911377811
2180,1355,1424,0.949763542359
2181,1355,1433,0.955348070103
2182,1355,1434,0.865875630304
2183,1355,1437,0.881413328777
2184,1355,1443,0.307512781968
2185,1355,1455,0.947752816984
2186,1355,1458,0.950973462609
2187,1361,1380,0.021288844626
2188,1361,1387,0.579156998672
2189,1361,1388,0.428882099927
2190,1361,1393,0.626997472144
2191,1361,1396,0.329155447773
2192,1361,1417,0.506694337026
2193,1361,1424,0.530986002332
2194,1361,1433,0.561637202631
2195,1361,1434,0.278805348797
2196,1361,1437,0.30799994832
2197,1361,1443,0.0259032517096
2198,1361,1455,0.520672897253
2199,1361,1458,0.537369045621
2200,1380,1387,0.995498703528
2201,1380,1388,0.991781792518
2202,1380,1393,0.996311800722
2203,1380,1396,0.987476641866
2204,1380,1417,0.993978286804
2205,1380,1424,0.994533676318
2206,1380,1433,0.995166666507
2207,1380,1434,0.984158741924
2208,1380,1437,0.986212074827
2209,1380,1443,0.810370977719
2210,1380,1455,0.994304139023
2211,1380,1458,0.994671379604
2212,1387,1388,0.361185767816
2213,1387,1393,0.558616640104
2214,1387,1396,0.269765040609
2215,1387,1417,0.436094255238
2216,1387,1424,0.46015849103
2217,1387,1433,0.491001361154
2218,1387,1434,0.225446670809
2219,1387,1437,0.250998489317
2220,1387,1443,0.0196284846964
2221,1387,1455,0.449901444423
2222,1387,1458,0.466537037764
2223,1388,1393,0.703642373962
2224,1388,1396,0.409348010682
2225,1388,1417,0.591972341421
2226,1388,1424,0.615253345239
2227,1388,1433,0.64408877282
2228,1388,1434,0.353189365773
2229,1388,1437,0.386004063622
2230,1388,1443,0.0362009967181
2231,1388,1455,0.605416234027
2232,1388,1458,0.621307461563
2233,1393,1396,0.219722241838
2234,1393,1417,0.370866929109
2235,1393,1424,0.393845696806
2236,1393,1433,0.423732597618
2237,1393,1434,0.18158084527
2238,1393,1437,0.203466982113
2239,1393,1443,0.0150321087603
2240,1393,1455,0.384015314598
2241,1393,1458,0.399986107791
2242,1396,1417,0.735194875645
2243,1396,1424,0.753703975842
2244,1396,1433,0.775941803775
2245,1396,1434,0.510990046144
2246,1396,1437,0.54608781996
2247,1396,1443,0.0670583424739
2248,1396,1455,0.745945026957
2249,1396,1458,0.758434889741
2250,1417,1424,0.547015605898
2251,1417,1433,0.577452868961
2252,1417,1434,0.291961071371
2253,1417,1437,0.32191834179
2254,1417,1443,0.0275819157284
2255,1417,1455,0.536747462925
2256,1417,1458,0.553363994118
2257,1424,1433,0.551824490882
2258,1424,1434,0.27088061284
2259,1424,1437,0.299590103722
2260,1424,1443,0.0249186055103
2261,1424,1455,0.510742012318
2262,1424,1458,0.527470145278
2263,1433,1434,0.238245917932
2264,1433,1437,0.264752534647
2265,1433,1443,0.021060568403
2266,1433,1455,0.467748242079
2267,1433,1458,0.484462573114
2268,1434,1437,0.589888548118
2269,1434,1443,0.0791355208106
2270,1434,1455,0.778290146572
2271,1434,1458,0.789638291097
2272,1437,1443,0.0764034061316
2273,1437,1455,0.771646691891
2274,1437,1458,0.78324017481
2275,1443,1455,0.992553000764
2276,1443,1458,0.993032354781
2277,1455,1458,0.511996685774
